name,phone,url
TeamCraft Commercial and Industrial Roofing Company,8887663001,https://www.tcrfg.com/houston Houston
Commercial Roof Repair in Houston,0000000000,https://www.advancedroofinghouston.com/commercial-roofing/commercial-roof-repair/ Houston
Commercial Roof Repair in Houston,0000000000,https://www.advancedroofinghouston.com/commercial-roofing/commercial-roof-repair/ Houston
Commercial Roofing in Houston – Quality Commercial Roofing,8323527997,https://qualitycommercialroofing.com/roof-damage/ Houston
Commercial Roofing in Houston – Quality Commercial Roofing,8323527997,https://qualitycommercialroofing.com/roof-damage/ Houston
Corey Construction Roofing,8887131766,https://www.coreyconstruction.net/dallas-commercial-roofing-contractors Dallas
Corey Construction Roofing,8887131766,https://www.coreyconstruction.net/dallas-commercial-roofing-contractors Dallas
Problem With Page,4147690100,https://www.roofedright.com/tx/service-areas/san-antonio San Antonio
Austin TX Roofing Company,5124586800,https://www.hdroofingandrepairs.com/commercial/storm-damage-repair Austin
Austin TX Roofing Company,5124586800,https://www.hdroofingandrepairs.com/commercial/storm-damage-repair Austin
"Austin Roofers, Siding & Windows",8889209835,https://www.roofcrafters.com/commercial-roofing/repair/ Austin
"Austin Roofers, Siding & Windows",8889209835,https://www.roofcrafters.com/commercial-roofing/repair/ Austin
Georgetown Roofing Companies,5126452416,https://sixthgenroofing.com/areas/austin-roofing-companies/austin-commercial-roofing-companies/ Austin
Georgetown Roofing Companies,5126452416,https://sixthgenroofing.com/areas/austin-roofing-companies/austin-commercial-roofing-companies/ Austin
Nothing found for  Austin-roofing Commercial Repair %20Austin,8666717791,https://www.kiddroof.com/austin-roofing/commercial/repair/ Austin
Nothing found for  Austin-roofing Commercial Repair %20Austin,8666717791,https://www.kiddroof.com/austin-roofing/commercial/repair/ Austin
"Expert Roofing & Construction in Austin & Hill Country, TX",2542037765,https://nextgenroofing.com/roofing/austin/industrial-roofing/ Austin
"Expert Roofing & Construction in Austin & Hill Country, TX",2542037765,https://nextgenroofing.com/roofing/austin/industrial-roofing/ Austin
Commercial Roofing Mobile AL,2513848088,https://www.commercialroofingmobileal.com/commercial-roof-repair Mobile
Commercial Roofing Mobile AL,2513848088,https://www.commercialroofingmobileal.com/commercial-roof-repair Mobile
TeamCraft Commercial and Industrial Roofing Company,8887663001,https://www.tcrfg.com/commercial-roof-repair Mobile
